-- users

insert into users (id, username, email, user_password, creator, avatar, created_at) values (1, 'Chandal', 'ccasoni0@admin.ch', 'eRsNdZIUTV', true, 'https://robohash.org/sapientefacereillo.bmp?size=50x50&set=set1', '7/4/2020');
insert into users (id, username, email, user_password, creator, avatar, created_at) values (2, 'Felecia', 'flind1@vkontakte.ru', 'VyiQooAA1P3', true, 'https://robohash.org/esttemporalibero.bmp?size=50x50&set=set1', '5/8/2020');
insert into users (id, username, email, user_password, creator, avatar, created_at) values (3, 'Hiram', 'hgasparro2@archive.org', 'bDdQwuMBJ', false, 'https://robohash.org/autemrationequi.jpg?size=50x50&set=set1', '8/14/2020');
insert into users (id, username, email, user_password, creator, avatar, created_at) values (4, 'Clywd', 'cleuty3@archive.org', 'Sayh59m', true, 'https://robohash.org/utnisiadipisci.png?size=50x50&set=set1', '3/15/2020');
insert into users (id, username, email, user_password, creator, avatar, created_at) values (5, 'Clarabelle', 'cpietrowski4@miitbeian.gov.cn', 'Wt3uJG', true, 'https://robohash.org/solutaperferendistotam.jpg?size=50x50&set=set1', '7/19/2020');
insert into users (id, username, email, user_password, creator, avatar, created_at) values (6, 'Teddie', 'tattenborough5@gov.uk', 'Gti7GlvkMth', true, 'https://robohash.org/amethicrerum.png?size=50x50&set=set1', '12/5/2020');
insert into users (id, username, email, user_password, creator, avatar, created_at) values (7, 'Kori', 'kgrayling6@deliciousdays.com', 'AY6v5JQ0', false, 'https://robohash.org/quinihilquo.jpg?size=50x50&set=set1', '12/29/2020');
insert into users (id, username, email, user_password, creator, avatar, created_at) values (8, 'Mace', 'mschimonek7@diigo.com', 'BLXyCh', true, 'https://robohash.org/oditrepellendusiure.jpg?size=50x50&set=set1', '6/14/2020');
insert into users (id, username, email, user_password, creator, avatar, created_at) values (9, 'Shalna', 'sbulloch8@arstechnica.com', 'VDz55U7zlhVa', true, 'https://robohash.org/laboreadipisciiusto.png?size=50x50&set=set1', '8/29/2020');
insert into users (id, username, email, user_password, creator, avatar, created_at) values (10, 'Markus', 'mrainger9@shinystat.com', 'JDSQzV', true, 'https://robohash.org/doloremqueassumendaqui.bmp?size=50x50&set=set1', '2/1/2020');

-- asset_base

insert into asset_base (id, asset_name, asset_description, asset_image, creator_id, creator_name, edition_size, royalty_rate) values (1, 'Anthropoides paradisea', 'Curabitur convallis.', 'http://dummyimage.com/144x143.png/5fa2dd/ffffff', 9, 'Jyoti', 8, 85);
insert into asset_base (id, asset_name, asset_description, asset_image, creator_id, creator_name, edition_size, royalty_rate) values (2, 'Funambulus pennati', 'Morbi a ipsum. Integer a nibh.', 'http://dummyimage.com/199x205.jpg/ff4444/ffffff', 1, 'Ewan', 6, 50);
insert into asset_base (id, asset_name, asset_description, asset_image, creator_id, creator_name, edition_size, royalty_rate) values (3, 'Cabassous sp.', 'Lorem ipsum dolor sit amet, consectetuer adipiscing elit. Proin interdum mauris non ligula pellentesque ultrices.', 'http://dummyimage.com/146x211.bmp/dddddd/000000', 4, 'Friedrich', 2, 40);
insert into asset_base (id, asset_name, asset_description, asset_image, creator_id, creator_name, edition_size, royalty_rate) values (4, 'Erethizon dorsatum', '', 'http://dummyimage.com/167x197.png/5fa2dd/ffffff', 4, 'Thor', 8, 15);
insert into asset_base (id, asset_name, asset_description, asset_image, creator_id, creator_name, edition_size, royalty_rate) values (5, 'Martes americana', '', 'http://dummyimage.com/127x206.png/ff4444/ffffff', 6, 'Noelle', 9, 54);
insert into asset_base (id, asset_name, asset_description, asset_image, creator_id, creator_name, edition_size, royalty_rate) values (6, 'Naja sp.', 'Donec vitae nisi.', 'http://dummyimage.com/204x145.jpg/ff4444/ffffff', 9, 'Morlee', 8, 59);
insert into asset_base (id, asset_name, asset_description, asset_image, creator_id, creator_name, edition_size, royalty_rate) values (7, 'Phaethon aethereus', 'Cras pellentesque volutpat dui. Maecenas tristique, est et tempus semper, est quam pharetra magna, ac consequat metus sapien ut nunc.', 'http://dummyimage.com/224x176.png/5fa2dd/ffffff', 3, 'Giovanni', 5, 91);
insert into asset_base (id, asset_name, asset_description, asset_image, creator_id, creator_name, edition_size, royalty_rate) values (8, 'Sarcorhamphus papa', 'Maecenas tristique, est et tempus semper, est quam pharetra magna, ac consequat metus sapien ut nunc. Vestibulum ante ipsum primis in faucibus orci luctus et ultrices posuere cubilia Curae; Mauris viverra diam vitae quam.', 'http://dummyimage.com/176x163.jpg/5fa2dd/ffffff', 9, 'Kalvin', 9, 22);
insert into asset_base (id, asset_name, asset_description, asset_image, creator_id, creator_name, edition_size, royalty_rate) values (9, 'Chionis alba', 'Aliquam sit amet diam in magna bibendum imperdiet. Nullam orci pede, venenatis non, sodales sed, tincidunt eu, felis.', 'http://dummyimage.com/178x206.png/5fa2dd/ffffff', 2, 'Selestina', 6, 94);
insert into asset_base (id, asset_name, asset_description, asset_image, creator_id, creator_name, edition_size, royalty_rate) values (10, 'Eurocephalus anguitimens', 'Ut at dolor quis odio consequat varius. Integer ac leo.', 'http://dummyimage.com/185x206.jpg/dddddd/000000', 9, 'Ivan', 1, 12);

--asset_item

insert into asset_item (id, owner_id, asset_base_id, edition_number, for_sale, sale_price, created_at) values (1, 9, 6, 2, true, '201.40', '10/9/2020');
insert into asset_item (id, owner_id, asset_base_id, edition_number, for_sale, sale_price, created_at) values (2, 1, 9, 2, true, '628.28', '6/5/2020');
insert into asset_item (id, owner_id, asset_base_id, edition_number, for_sale, sale_price, created_at) values (3, 7, 3, 4, true, '666.17', '3/21/2020');
insert into asset_item (id, owner_id, asset_base_id, edition_number, for_sale, sale_price, created_at) values (4, 2, 6, 4, false, '965.22', '10/5/2020');
insert into asset_item (id, owner_id, asset_base_id, edition_number, for_sale, sale_price, created_at) values (5, 9, 9, 3, false, '818.37', '9/18/2020');
insert into asset_item (id, owner_id, asset_base_id, edition_number, for_sale, sale_price, created_at) values (6, 4, 7, 2, true, '284.86', '8/8/2020');
insert into asset_item (id, owner_id, asset_base_id, edition_number, for_sale, sale_price, created_at) values (7, 1, 6, 3, false, '476.85', '11/19/2020');
insert into asset_item (id, owner_id, asset_base_id, edition_number, for_sale, sale_price, created_at) values (8, 6, 10, 4, true, '199.29', '9/8/2020');
insert into asset_item (id, owner_id, asset_base_id, edition_number, for_sale, sale_price, created_at) values (9, 8, 9, 2, true, '494.92', '11/6/2020');
insert into asset_item (id, owner_id, asset_base_id, edition_number, for_sale, sale_price, created_at) values (10, 5, 4, 2, false, '680.03', '2/8/2021');

--transactions

insert into transactions (id, asset_item_id, buyer_id, seller_id, trans_type, payment_method, sale_price, royalty_price, tax_price, site_fee, trans_fee, created_at) values (1, 6, 1, 5, 'vel', 'maestro', '436.36', '8.80', '8.57', '4.05', '8.06', '9/13/2020');
insert into transactions (id, asset_item_id, buyer_id, seller_id, trans_type, payment_method, sale_price, royalty_price, tax_price, site_fee, trans_fee, created_at) values (2, 3, 7, 5, 'congue', 'diners-club-enroute', '844.64', '6.03', '3.57', '8.00', '6.78', '3/31/2020');
insert into transactions (id, asset_item_id, buyer_id, seller_id, trans_type, payment_method, sale_price, royalty_price, tax_price, site_fee, trans_fee, created_at) values (3, 2, 4, 4, 'augue', 'switch', '656.34', '5.49', '8.83', '1.51', '5.95', '4/27/2020');
insert into transactions (id, asset_item_id, buyer_id, seller_id, trans_type, payment_method, sale_price, royalty_price, tax_price, site_fee, trans_fee, created_at) values (4, 2, 2, 2, 'orci', 'visa-electron', '456.30', '1.11', '3.32', '1.22', '9.53', '8/15/2020');
insert into transactions (id, asset_item_id, buyer_id, seller_id, trans_type, payment_method, sale_price, royalty_price, tax_price, site_fee, trans_fee, created_at) values (5, 9, 9, 6, 'donec', 'mastercard', '236.11', '2.16', '8.68', '4.02', '6.32', '10/29/2020');
insert into transactions (id, asset_item_id, buyer_id, seller_id, trans_type, payment_method, sale_price, royalty_price, tax_price, site_fee, trans_fee, created_at) values (6, 7, 5, 5, 'vitae', 'mastercard', '354.54', '1.56', '4.86', '8.19', '6.99', '2/6/2021');
insert into transactions (id, asset_item_id, buyer_id, seller_id, trans_type, payment_method, sale_price, royalty_price, tax_price, site_fee, trans_fee, created_at) values (7, 8, 10, 10, 'mauris', 'jcb', '64.35', '2.22', '5.87', '2.56', '7.18', '6/28/2020');
insert into transactions (id, asset_item_id, buyer_id, seller_id, trans_type, payment_method, sale_price, royalty_price, tax_price, site_fee, trans_fee, created_at) values (8, 6, 1, 10, 'dui', 'jcb', '948.93', '6.49', '5.08', '2.32', '1.71', '5/1/2020');
insert into transactions (id, asset_item_id, buyer_id, seller_id, trans_type, payment_method, sale_price, royalty_price, tax_price, site_fee, trans_fee, created_at) values (9, 2, 2, 1, 'vulputate', 'mastercard', '800.16', '6.21', '3.59', '3.32', '1.74', '7/13/2020');
insert into transactions (id, asset_item_id, buyer_id, seller_id, trans_type, payment_method, sale_price, royalty_price, tax_price, site_fee, trans_fee, created_at) values (10, 4, 1, 9, 'luctus', 'visa-electron', '176.43', '6.60', '8.86', '5.57', '5.37', '8/11/2020');

