-- users

-- insert into users (id, username, email, user_password, creator, avatar, created_at) values (1, 'Chandal', 'ccasoni0@admin.ch', 'eRsNdZIUTV', true, 'https://robohash.org/sapientefacereillo.bmp?size=50x50&set=set1', '7/4/2020');
-- insert into users (id, username, email, user_password, creator, avatar, created_at) values (2, 'Felecia', 'a@a', 'a', true, 'https://robohash.org/esttemporalibero.bmp?size=50x50&set=set1', '5/8/2020');
-- insert into users (id, username, email, user_password, creator, avatar, created_at) values (3, 'Hiram', 'b@b', 'b', false, 'https://robohash.org/autemrationequi.jpg?size=50x50&set=set1', '8/14/2020');
-- insert into users (id, username, email, user_password, creator, avatar, created_at) values (4, 'Clywd', 'cleuty3@archive.org', 'Sayh59m', true, 'https://robohash.org/utnisiadipisci.png?size=50x50&set=set1', '3/15/2020');
-- insert into users (id, username, email, user_password, creator, avatar, created_at) values (5, 'Clarabelle', 'cpietrowski4@miitbeian.gov.cn', 'Wt3uJG', true, 'https://robohash.org/solutaperferendistotam.jpg?size=50x50&set=set1', '7/19/2020');
-- insert into users (id, username, email, user_password, creator, avatar, created_at) values (6, 'Teddie', 'tattenborough5@gov.uk', 'Gti7GlvkMth', true, 'https://robohash.org/amethicrerum.png?size=50x50&set=set1', '12/5/2020');
-- insert into users (id, username, email, user_password, creator, avatar, created_at) values (7, 'Kori', 'kgrayling6@deliciousdays.com', 'AY6v5JQ0', false, 'https://robohash.org/quinihilquo.jpg?size=50x50&set=set1', '12/29/2020');
-- insert into users (id, username, email, user_password, creator, avatar, created_at) values (8, 'Mace', 'mschimonek7@diigo.com', 'BLXyCh', true, 'https://robohash.org/oditrepellendusiure.jpg?size=50x50&set=set1', '6/14/2020');
-- insert into users (id, username, email, user_password, creator, avatar, created_at) values (9, 'Shalna', 'sbulloch8@arstechnica.com', 'VDz55U7zlhVa', true, 'https://robohash.org/laboreadipisciiusto.png?size=50x50&set=set1', '8/29/2020');
-- insert into users (id, username, email, user_password, creator, avatar, created_at) values (10, 'Markus', 'mrainger9@shinystat.com', 'JDSQzV', true, 'https://robohash.org/doloremqueassumendaqui.bmp?size=50x50&set=set1', '2/1/2020');

-- assets

-- insert into assets (id, title, asset_description, asset_media, creator_id, owner_id, list_price, likes, views, created_at) values (1, 'Aquanonymous', 'In sagittis dui vel nisl.', 'http://dummyimage.com/186x204.jpg/dddddd/000000', 4, 4,'20000.00', 37, 97, '9/25/2020');
-- insert into assets (id, title, asset_description, asset_image, creator_id, owner_id, size, likes, views, category, created_at, list_price, high_bid, offers_made) values (2, 'Bright Chains', 'Nam dui. Proin leo odio, porttitor id, consequat in, consequat ut, nulla.', 'http://dummyimage.com/116x125.jpg/5fa2dd/ffffff', 1, 6, '09" x 07"', 14, 73, 'Teal', '8/13/2020', '7000.00', '6000.00', 1);
-- insert into assets (id, title, asset_description, asset_image, creator_id, owner_id, size, likes, views, category, created_at, list_price, high_bid, offers_made) values (3, 'Veiled Love', '', 'http://dummyimage.com/140x124.jpg/cc0000/ffffff', 4, 7, '72" x 02"', 84, 88, 'Puce', '4/23/2020', '500.00', '250.00', 10);
-- insert into assets (id, title, asset_description, asset_image, creator_id, owner_id, size, likes, views, category, created_at, list_price, high_bid, offers_made) values (4, 'XXI', '', 'http://dummyimage.com/212x211.png/ff4444/ffffff', 3, 2, '35" x 82"', 71, 33, 'Green', '5/1/2020', '11111.00', '9000.00', 14);
-- insert into assets (id, title, asset_description, asset_image, creator_id, owner_id, size, likes, views, category, created_at, list_price, high_bid, offers_made) values (5, 'Stalwart', '', 'http://dummyimage.com/100x219.png/ff4444/ffffff', 2, 7, '19" x 48"', 31, 59, 'Turquoise', '4/11/2020', '4000.00', '2500.00', 4);
-- insert into assets (id, title, asset_description, asset_image, creator_id, owner_id, size, likes, views, category, created_at, list_price, high_bid, offers_made) values (6, 'Everlasting Visitor', '', 'http://dummyimage.com/198x213.bmp/cc0000/ffffff', 8, 8, '09" x 35"', 42, 62, 'Blue', '10/10/2020', '2000.00', '5.00', 7);
-- insert into assets (id, title, asset_description, asset_image, creator_id, owner_id, size, likes, views, category, created_at, list_price, high_bid, offers_made) values (7, 'Mother of Despair', 'Morbi a ipsum.', 'http://dummyimage.com/183x228.png/dddddd/000000', 4, 5, '34" x 69"', 13, 88, 'Puce', '1/27/2021', '1500.00', '1400.00', 2);
-- insert into assets (id, title, asset_description, asset_image, creator_id, owner_id, size, likes, views, category, created_at, list_price, high_bid, offers_made) values (8, 'Imminent', 'Donec posuere metus vitae ipsum. Aliquam non mauris.', 'http://dummyimage.com/161x139.png/ff4444/ffffff', 4, 1, '36" x 38"', 40, 43, 'Purple', '2/28/2020', '20000.00', '0.00', 0);
-- insert into assets (id, title, asset_description, asset_image, creator_id, owner_id, size, likes, views, category, created_at, list_price, high_bid, offers_made) values (9, 'The Five', 'Nullam molestie nibh in lectus.', 'http://dummyimage.com/111x186.bmp/5fa2dd/ffffff', 4, 9, '26" x 44"', 24, 45, 'Goldenrod', '5/14/2020', '5000.00', '0.00', 0);
-- insert into assets (id, title, asset_description, asset_image, creator_id, owner_id, size, likes, views, category, created_at, list_price, high_bid, offers_made) values (10, 'Chaos', 'Morbi vel lectus in quam fringilla rhoncus.', 'http://dummyimage.com/217x212.bmp/dddddd/000000', 2, 3, '04" x 58"', 92, 43, 'Goldenrod', '7/18/2020', '900.00', '0.00', 0);

--transactions

-- insert into transactions (id, asset_id, buyer_id, seller_id, trans_type, payment_method, sale_price, royalty_price, tax_price, site_fee, trans_fee, created_at) values (1, 6, 1, 5, 'vel', 'maestro', '436.36', '8.80', '8.57', '4.05', '8.06', '9/13/2020');
-- insert into transactions (id, asset_id, buyer_id, seller_id, trans_type, payment_method, sale_price, royalty_price, tax_price, site_fee, trans_fee, created_at) values (2, 3, 7, 5, 'congue', 'diners-club-enroute', '844.64', '6.03', '3.57', '8.00', '6.78', '3/31/2020');
-- insert into transactions (id, asset_id, buyer_id, seller_id, trans_type, payment_method, sale_price, royalty_price, tax_price, site_fee, trans_fee, created_at) values (3, 2, 4, 4, 'augue', 'switch', '656.34', '5.49', '8.83', '1.51', '5.95', '4/27/2020');
-- insert into transactions (id, asset_id, buyer_id, seller_id, trans_type, payment_method, sale_price, royalty_price, tax_price, site_fee, trans_fee, created_at) values (4, 2, 2, 2, 'orci', 'visa-electron', '456.30', '1.11', '3.32', '1.22', '9.53', '8/15/2020');
-- insert into transactions (id, asset_id, buyer_id, seller_id, trans_type, payment_method, sale_price, royalty_price, tax_price, site_fee, trans_fee, created_at) values (5, 9, 9, 6, 'donec', 'mastercard', '236.11', '2.16', '8.68', '4.02', '6.32', '10/29/2020');
-- insert into transactions (id, asset_id, buyer_id, seller_id, trans_type, payment_method, sale_price, royalty_price, tax_price, site_fee, trans_fee, created_at) values (6, 7, 5, 5, 'vitae', 'mastercard', '354.54', '1.56', '4.86', '8.19', '6.99', '2/6/2021');
-- insert into transactions (id, asset_id, buyer_id, seller_id, trans_type, payment_method, sale_price, royalty_price, tax_price, site_fee, trans_fee, created_at) values (7, 8, 10, 10, 'mauris', 'jcb', '64.35', '2.22', '5.87', '2.56', '7.18', '6/28/2020');
-- insert into transactions (id, asset_id, buyer_id, seller_id, trans_type, payment_method, sale_price, royalty_price, tax_price, site_fee, trans_fee, created_at) values (8, 6, 1, 10, 'dui', 'jcb', '948.93', '6.49', '5.08', '2.32', '1.71', '5/1/2020');
-- insert into transactions (id, asset_id, buyer_id, seller_id, trans_type, payment_method, sale_price, royalty_price, tax_price, site_fee, trans_fee, created_at) values (9, 2, 2, 1, 'vulputate', 'mastercard', '800.16', '6.21', '3.59', '3.32', '1.74', '7/13/2020');
-- insert into transactions (id, asset_id, buyer_id, seller_id, trans_type, payment_method, sale_price, royalty_price, tax_price, site_fee, trans_fee, created_at) values (10, 4, 1, 9, 'luctus', 'visa-electron', '176.43', '6.60', '8.86', '5.57', '5.37', '8/11/2020');
--tags

insert into tags (id, tag) values (1, 'Action|Thriller|War');
insert into tags (id, tag) values (2, 'Documentary');
insert into tags (id, tag) values (3, 'Comedy');
insert into tags (id, tag) values (4, 'Documentary');
insert into tags (id, tag) values (5, 'Drama');
insert into tags (id, tag) values (6, 'Comedy|Musical');
insert into tags (id, tag) values (7, 'Musical|Western');
insert into tags (id, tag) values (8, 'Children|Comedy');
insert into tags (id, tag) values (9, 'Crime|Drama');
insert into tags (id, tag) values (10, 'Documentary');
insert into tags (id, tag) values (11, 'Action|Crime');
insert into tags (id, tag) values (12, 'Crime|Drama|Thriller');
insert into tags (id, tag) values (13, 'Action|Crime|Thriller');
insert into tags (id, tag) values (14, 'Drama|Romance');
insert into tags (id, tag) values (15, 'Fantasy|Romance');
insert into tags (id, tag) values (16, 'Children|Drama');
insert into tags (id, tag) values (17, 'Comedy|Musical|Western');
insert into tags (id, tag) values (18, 'Crime|Drama');
insert into tags (id, tag) values (19, 'Action|Drama|War');
insert into tags (id, tag) values (20, 'Crime|Drama');

--asset_tags

insert into asset_tags (id, asset_id, tag_id) values (1, 1, '{6,4,16}');
insert into asset_tags (id, asset_id, tag_id) values (2, 1, '{19,9,9}');
insert into asset_tags (id, asset_id, tag_id) values (3, 3, '{19,4}');
insert into asset_tags (id, asset_id, tag_id) values (4, 7, '{13,20}');
insert into asset_tags (id, asset_id, tag_id) values (5, 1, '{5,5}');
insert into asset_tags (id, asset_id, tag_id) values (6, 7, '{1,10}');
insert into asset_tags (id, asset_id, tag_id) values (7, 8, '{13,13,11}');
insert into asset_tags (id, asset_id, tag_id) values (8, 8, '{9,18,7}');
insert into asset_tags (id, asset_id, tag_id) values (9, 8, '{18,5,15}');
insert into asset_tags (id, asset_id, tag_id) values (10, 7, '{15,5,8}');
